200Peru2024,"222,333,333bf,333mbf,333oh,444,minx,pyram"
24HoursinAker2024,"222,333,333bf,333fm,333mbf,333oh,444,444bf,555,555bf,666,777,clock,minx,pyram,skewb,sq1"
2x2at2inPrague2024,"222,333,333oh,444,555,666,777,pyram,sq1"
4x4byFourMadisonLakes2024,"222,333,333oh,444,555"
6thGuwahatiOpen2024,"222,333,333bf,333oh,444,555,666,777,clock,minx,pyram,skewb,sq1"
6x6StillinaMadisonPark2024,"222,333,555,666,777"
ACALeagueIIGanja2024,"333,minx,pyram,skewb"
AfterCubePartyLima2024,"333bf,333oh,clock,pyram,sq1"
AirdrieNxNs2024,"333,444,555,666,777"
AlisoNiguelSummer2024,"222,333,333oh,444,pyram"
AllesammenSammeniRoskilde2024,"333,333bf,444,minx"
AmbatoOpen2024,"222,333,333oh,444,minx,pyram,skewb"
AmecaNayarit2025,"222,333,333oh,666,clock,pyram"
AmericasSchoolIIHuaraz2024,"222,333,pyram"
AmherstFall2024,"222,333,333oh,444,pyram"
AnapolisOpen2024,"222,333,333bf,333oh,444,555,minx,pyram,skewb"
AndorranChampionship2024,"222,333,333bf,333oh,444,clock,minx,pyram,skewb,sq1"
ANewYearinSingapore2025,"222,333oh,clock,minx,pyram,skewb,sq1"
AnibalaoCubo2024,"222,333,444,minx,pyram,skewb"
AnkaraAugust2024,"222,333,333bf,333oh,444,555,clock,pyram,skewb"
AntiNxNinStuttgart2024,"clock,minx,pyram,skewb,sq1"
Apenas3Fortaleza2024,"333bf,333fm,333mbf"
ApolOpenGuayaquil2024,"222,333,333oh,444,minx,pyram,skewb"
AppalachianHighlandsTN2024,"222,333,444,clock,pyram"
AquaticoAclimacaoOpen2024,"222,333,333oh,clock,pyram,skewb,sq1"
AragonTreasure2024,333
ArenaBerno6CityFM2024,333fm
ArenaBerno7CityFM2024,333fm
AroundtheClockIsrael2024,"222,333,333bf,333fm,333mbf,333oh,444,444bf,555,555bf,666,777,clock,minx,pyram,skewb,sq1"
ATwistyDayinAraneta2024,"333,333oh,444,444bf,555,666,skewb"
AudentesOpen2024,"222,333,444,clock,pyram,skewb"
AugustBankHolidayCrawley2024,"333bf,444bf,555,777,minx,sq1"
AustinNxN2024,"222,333,444,555,666,777"
AutotaloAnimeAdventure82024,"222,333fm,333oh,444,555,666,777,clock,minx,pyram,skewb,sq1"
AutotaloAnimeAdventureIX2024,"333fm,333oh,444,555,666,777,clock,minx,pyram,skewb,sq1"
AutotaloAnimeAdventureX2024,"222,333,333oh,444,555,666,777,clock,skewb"
AutotaloXEpisodeIIFMC2024,333fm
AutumnReunionAthensA2024,"333,444,clock"
AutumnReunionAthensB2024,"222,333,333oh"
AvenidaChileXIII2024,"333,444,clock,pyram,sq1"
AvenidaChileXIV2024,"222,333,clock,pyram,sq1"
AvenidaChileXV2024,"333,clock,pyram,skewb,sq1"
AyatTiCubingElyuFest2024,"222,333,333oh,444,555,clock,minx,skewb"
BackiPetrovacOpen2024,"222,333,333bf,333oh,444,555,666,777,minx,pyram"
BacktoBerlin2024,"222,333,333bf,333fm,333oh,444,555,666,clock,minx,pyram,sq1"
BackToCubingTrujillo2024,"222,333,333bf,333oh,444,pyram"
BacktoSchoolColorado2024,"222,333,333oh,clock,pyram"
BacktoSchoolUtah2024,"222,333,333oh,pyram"
BacktotheCubeCeilandia2024,"222,333,333oh,666,777,clock,minx,pyram,skewb,sq1"
BangkokBigTimeinFarm2024,"555,666,777,clock,minx,pyram,skewb,sq1"
BangkokCubeDayRainy2024,"222,333,333bf,333oh,444,555,pyram,skewb"
BanjaLukaOpen2024,"222,333,333bf,333fm,333oh,444,555,666,777,minx,pyram,skewb,sq1"
BanskaBystricaOpen2024,"222,333,444,clock,minx,pyram,skewb,sq1"
BaraMultiBlindiBoras2024,333mbf
Barbados2025,"222,333,333oh,444,pyram,skewb"
BarbertonMini22024,"333oh,sq1"
BarbyCubeAutumn2024,"222,333,333bf,333oh,444,555,666,777,clock,minx,pyram,skewb,sq1"
BarpetaSummerCubeOpen2024,"222,333,333fm,333oh,444,clock,minx,pyram,skewb,sq1"
BASC64LIVESSF2024,"222,333,444,sq1"
BASC65Berkeley2024,"333,333bf,333oh,444,666"
BatonRougeWinterA2025,"222,333,444,555,minx,pyram"
BatonRougeWinterB2025,"222,333,333oh,444,skewb,sq1"
BatterseaAutumn2024,"222,333,444,555,pyram,skewb,sq1"
BattleatFortHaysKS2024,"333,333bf,444,clock,minx,pyram,sq1"
BCChampionship2024,"222,333,333bf,333oh,444,555,666,777,clock,minx,pyram,skewb,sq1"
BeachBashJacksonville2024,"222,333,444,pyram"
BegastriOpen2024,"222,333,333bf,333fm,444,555,666,777,clock,minx,skewb,sq1"
BellevueCubingHighlands2024,"333,666,clock,sq1"
BellinzonaBacktoSchool2024,"222,333,333bf,444,444bf,555,clock,pyram,skewb"
BenoniCubingComeback2024,"222,333,333bf,444,444bf,skewb,sq1"
BergenOpen2024,"222,333,333bf,333oh,444,clock,pyram,skewb"
BerkeleyFall2024,"222,333,333oh,minx,pyram"
BhejaFrySeptBangalore2024,"333bf,333fm,333mbf,444bf,555,555bf,666,777"
BigandBlindNorthAndover2024,"333bf,333mbf,444bf,555,555bf,666,777"
BigCubeBonanzaDelhi2024,"333oh,444,555,666,777"
BiginLuanda2024,"444,555,666,777,minx"
BignBlindBangaloreJuly2024,"333bf,444,555,555bf,666,777,minx"
BigNBlindBerwick2024,"333bf,333fm,333mbf,444bf,555bf,666,777"
BignBlindCaloocan2024,"333,333bf,333mbf,555,666,777"
BignBlindnClockXianju2024,"333bf,333mbf,444bf,555bf,666,777,clock"
BilbaoOpen2024,"222,333,333bf,444,555,clock,minx,pyram,skewb,sq1"
BioFortec2024,"222,333,clock,pyram"
BirkelandOpen2024,"222,333,333bf,333oh,444,minx,pyram,skewb,sq1"
BirminghamSummer2024,"222,333,444,555,minx,pyram,skewb"
BlindandFunLandvetterSummer2024,"222,333,333bf,333mbf,444bf,555bf,clock,pyram,skewb"
BlindTillNineinVietnam2024,"333bf,333fm,333mbf,444bf,555bf,clock"
BoltonSpring2025,"222,333,555,clock,minx,pyram,sq1"
BrasilNihonClockiinOpen2024,clock
BristolSquockDay2024,"clock,sq1"
BrizZonSideOpenIII2024,"333bf,333fm,333mbf,clock,minx,sq1"
BrooklineFavorites2024,"222,333,333bf,333oh,444,555,666,777,clock,minx,pyram,skewb,sq1"
BrownFallSeongnam2024,"222,333,clock"
BucharestBigNBlindWarmUp2024,"333bf,444bf,555,555bf,666,777"
BucharestCubingJuly2024,"222,333,444,pyram,sq1"
BucharestFunkyWarmUp2024,"333oh,clock,minx,sq1"
BuffaloBeQuiet2024,"333bf,333fm,444bf,555bf,clock,minx"
BullCitySummerNC2024,"222,333,444,clock,pyram"
BunburysSpeedsolving2024,"222,333,444,clock,pyram"
BundnerOpen2024,"333,333oh,555,666,777,minx,skewb,sq1"
BurgasSummer2024,"222,333,333oh,444,555,666,777,pyram,skewb,sq1"
Burjassot2024,"222,333,333bf,333oh,444,444bf,555bf,clock,pyram,skewb,sq1"
BursaSummer2024,"222,333,333oh,444,555,clock,pyram,skewb"
CajunCubeClash2024,"222,333,333oh,444,pyram"
CalicutCubingConquest2024,"222,333,333oh,444,minx,pyram,skewb"
CalpIfach2024,"222,333,333bf,333oh,444,clock,minx,pyram,skewb,sq1"
CamargueOpen2024,"333,333bf,clock,minx,pyram,skewb,sq1"
CambodiaChampionship2024,"222,333,333bf,333oh,444,pyram,skewb"
CambridgeAutumnBBO2024,"333bf,333fm,333mbf,444bf,555bf"
CaminoalSACAvesMaria2024,"222,333,333bf,333mbf,333oh,clock,pyram,skewb"
CampeonatoBrasileiro2024,"222,333,333bf,333mbf,333oh,444,444bf,555,555bf,666,777,clock,minx,pyram,skewb,sq1"
CapivaraAltodaXVMall2024,"222,333,333oh,444,pyram"
CapizCubeCraze2024,"222,333,333oh,444,minx,pyram,skewb"
CATDD2024,"222,333,333bf,333oh,minx"
CAUaoCubo2024,"222,333,333bf,333oh,444,555,666,777,clock,minx,pyram,skewb,sq1"
CaviteSpeedcubingOpenIX2024,"222,333,444,777,clock,minx,skewb"
CentroComercialBogotaII2024,"222,333,333oh,444,555,minx"
ChampagneOpen2024,"222,333,333bf,333oh,444,555,666,777,pyram,skewb"
ChengduSummer2024,"222,333,333oh,444,clock,minx,pyram,skewb,sq1"
ChichesterSummer2024,"222,333,333bf,444,555,666,777,clock,minx,sq1"
ChillinginToowoomba2024,"222,333,333bf,333oh,444,clock,pyram,sq1"
ChimehuinalCubo2024,"222,333,333bf,333oh,444,555,clock,minx,pyram"
ChristmasCityCubingPA2024,"222,333,555,777,minx,pyram"
CiuLaManchaOpen2024,"222,333,333bf,444,555,clock,minx,pyram,skewb,sq1"
Clauckland2024,"222,333,444,clock,sq1"
ClockinKentucky2024,"222,333oh,444,555,666,777,clock,pyram,skewb"
CochabambaUltraCube2024,"222,333,444,pyram,skewb,sq1"
CoffsBigBananaBonanza2024,"222,333,333bf,333oh,444,minx,pyram,skewb"
ColegioSalesianoOpen2024,"222,333,333oh,444,pyram,skewb"
ColombianNationals2024,"222,333,333bf,333mbf,333oh,444,444bf,555,555bf,666,777,clock,minx,pyram,skewb,sq1"
ColombianNationalsFMC2024,333fm
ColoradoChampionship2024,"222,333,333bf,333oh,444,555,666,777,clock,minx,pyram,skewb,sq1"
ColoradoQuietChampionship2024,"333fm,333mbf,444bf,555bf"
ColoradoSpringsShowdown2024,"222,333,333bf,444,clock,minx,pyram"
CoolDownBerkeley2024,"222,333,333bf,333oh,555"
CoolDownSingapore2024,"222,333,333bf,333oh,444,555,666,777,clock,minx,pyram,skewb,sq1"
CoralitoBahiaDeBanderas2024,"333,333oh,444,555,clock,minx,pyram"
CordilleraCubea2024,"222,333"
CordobaCubea2024,"222,333,333bf,333oh,444,555,666,777,clock,minx,pyram,skewb,sq1"
CouffoulEvents2024,"222,333,333bf,333fm,333mbf,333oh,444,444bf,555,555bf,666,777,clock,minx,pyram,skewb,sq1"
CrazyCologneCubing2024,"222,333,333fm,333mbf,333oh,444,555,666,777,clock,minx,pyram,skewb,sq1"
CriciumaOpen2024,"222,333,333oh,444,555,666,777,clock,minx,pyram,skewb,sq1"
CroatianChampionship2024,"222,333,333bf,333fm,333oh,444,555,666,777,clock,minx,pyram,skewb,sq1"
CSDRio2024,"222,333,333bf,333oh,444,555,clock,minx,skewb"
Cube4funBioCubeBydgoszcz2024,"222,333,333oh,444,555,666,777,clock,pyram,skewb,sq1"
Cube4funinBialaPodlaska2024,"222,333,333bf,333fm,333oh,444,444bf,555,666,777,clock,minx,pyram,skewb,sq1"
Cube4funWislaMasters2024,"222,333,333oh,444,555,666,clock,minx,pyram,skewb"
CubeenBaieOpen2024,"222,333,333bf,333oh,444,555,clock,minx,pyram,skewb"
CubeFactoryBrzeziny2024,"222,333,333bf,333oh,444,clock,minx,pyram,skewb,sq1"
CubeMoreinArdmore2024,"222,333,333oh,444,555,pyram,sq1"
CubestuffCenturionQ32024,"222,333,333oh,444,555,minx,pyram,skewb"
CubiKoronel2024,"222,333,333bf,333oh,444,555,clock,skewb,sq1"
CubingatIowaState2025,"333,444,555,clock,skewb"
CubingatParadiseParkBangkok2024,"333,666,777,minx,sq1"
CubingCoffeeSpringSC2024,"222,333,333oh,444,555,pyram,sq1"
CubingDaysNeuburg2024,"222,333,333bf,444,555,666,777,clock"
CubinginOakCreek2024,"333,333bf,444,clock,minx,pyram"
CubinginWollondilly2024,"222,333,clock,pyram,skewb"
CubingMillenniumCaracas2024,"333,clock,minx,pyram,skewb"
CubingMineRybnikII2024,"222,333,333oh,clock,minx,pyram,skewb"
CubingonLakeSuperior2024,"333,333bf,333oh,444,555,minx,skewb"
CubingwithanAltitudeCO2024,"222,333,444,pyram,sq1"
CubingwiththeKKCatsSaturday2024,"222,333,333bf,333mbf,333oh,444,444bf,555,555bf,clock,pyram,skewb"
CubingwiththeKKCatsSunday2024,"222,333,333fm,444,555,666,777,minx,pyram,skewb,sq1"
CubUaiUFMGOpen2024,"222,333,333bf,333fm,333oh,444,clock,minx,pyram,skewb,sq1"
CumberlandCountyFall2024,"333,666,minx,skewb,sq1"
CyprusNationals2024,"222,333,333bf,333oh,444,555,666,777,clock,minx,pyram,skewb,sq1"
CzechOpen2024,"222,333,333oh,444,555,666,777,clock,minx,pyram,skewb,sq1"
DalianOpen2024,"222,333,333bf,444,pyram,skewb"
DAmicisPuebla2024,"222,333,333bf,444,555,666,clock,minx,pyram"
DanishChampionship2024,"222,333,333bf,333mbf,333oh,444,444bf,555,555bf,666,777,clock,minx,pyram,skewb,sq1"
DanishFMChampionship2024,333fm
DarmstadtDodecahedronDays2024,"222,333,333bf,333oh,clock,minx,pyram,sq1"
DavaoCityOpen2024,"222,333,333oh,777,minx,pyram,skewb,sq1"
DavisSummer2024,"333,333bf,333oh,555,clock,skewb"
DCOpenHyderabadJulySat2024,"222,333,pyram"
DCOpenJulyHyderabadSun2024,"222,333,pyram"
DebicaCubingSummer2024,"222,333,333bf,333oh,444,555,clock,minx,pyram,skewb,sq1"
DelacuestaReturns2024,"222,333,clock,minx,pyram,skewb"
DeqingBigCubesSummer2024,"333,333oh,444,555,minx"
DeqingSmallCubesSummer2024,"222,333,clock,pyram,skewb,sq1"
DesafioCenturyHonduras2024,"333,333oh,444,pyram,skewb,sq1"
DFWBacktoSchool2024,"333,333bf,444,clock,pyram,sq1"
DFWCubingFall2024,"222,333,333bf,333oh,444,555,clock,minx,pyram,sq1"
DobelesVasara2024,"222,333,333bf,333oh,444,555,666,777,clock,minx,pyram,skewb,sq1"
DontBlowAwayCasper2024,"222,333,333fm,333oh,444,clock,pyram,sq1"
DontDNSDenton2024,"333bf,333fm,333mbf,444bf,555,555bf,666,777,clock,sq1"
DontPopPreble2024,"333,444,555,clock,minx,pyram"
DoorCountyCubeChallenge2024,"222,333,333oh,clock,pyram,skewb"
DragonCubingII2024,"222,333,333oh,444,555,clock,minx,pyram,skewb,sq1"
DublinOhioSummerAM2024,"333,444,minx,skewb"
DublinOhioSummerPM2024,"333,777,clock,sq1"
DublinSummerSolving2024,"222,333,333bf,333mbf,333oh,444,555,666,777,clock,minx,pyram,skewb,sq1"
DuPageFall2024,"222,333,333oh,444,555,666,777,clock,minx,pyram,skewb,sq1"
EastwoodMallSummer2024,"222,333,333oh,444,555,clock,skewb,sq1"
EcuadorNationals2024,"222,333,333bf,333fm,333mbf,333oh,444,444bf,555,555bf,666,777,clock,minx,pyram,skewb,sq1"
EdenBogota2024,"222,333,444,clock,pyram,skewb"
ElTormesOpen2024,"222,333,333oh,444,555,clock,minx,pyram,skewb,sq1"
EnergyCubeTomaszowMazowiecki2024,"222,333,333oh,444,clock,pyram,skewb,sq1"
EnLilleSondagiIshoj2024,"222,333,clock,pyram,skewb"
EspritCubeOpenBayonne2024,"222,333,333bf,333oh,444,555,clock,pyram,skewb"
EtecCubatao2024,"222,333,333bf,444,444bf,555,minx,sq1"
EugeneHarvestCubing2024,"222,333,444,clock,skewb"
EvanstonFridayNightFMC2024,333fm
ExtremelyMinisota2024,"clock,minx"
FastinFayette2024,"222,333,minx,pyram,sq1"
FatimaenMontevideo2024,"222,333,333bf,333oh,444,555,666,777,clock,pyram,skewb,sq1"
FinnishChampionship2024,"222,333,333bf,333mbf,333oh,444,444bf,555,555bf,666,777,clock,minx,pyram,skewb,sq1"
FinnishFMCChampionship2024,333fm
FleurdeLisFallLA2024,"222,333,444,777,clock,pyram,skewb"
FlexinLex2024,"222,333,clock,minx,skewb,sq1"
FLIPOpen11RoadtoEuros2024,"333,333bf,444,555,clock,minx,pyram,skewb"
FMCCarrieres2024,333fm
FMCCheltenhamAutumn2024,333fm
FMCEurope2024,333fm
FMCRomania2nd2024,333fm
FMCUkraineItaly2024,333fm
FMiKjellern2024,333fm
ForgottenOClocksIISBC2024,"444bf,555bf,666,777,clock,skewb"
FrankfurtCubeDays2024,"222,333,333bf,333oh,444,555,666,777,clock,minx,pyram,skewb"
FrenstatskyCubeTogether2024,"222,333,333bf,444,555,666,777,clock,pyram,sq1"
FSUbers702024,"222,333,333bf,333oh,444bf,555bf,666,777,clock,skewb,sq1"
FTOstervang2024,"222,333,333bf,333oh,444,444bf,555bf,clock,minx,pyram,skewb,sq1"
GACuberJacketsFall2024,"222,333,clock,minx,skewb"
GaithersburgBacktoSchool2024,"222,333,clock,sq1"
GaleriasBogota2024,"222,333,444,minx,pyram,skewb"
Gander2024,"222,333,444,pyram,skewb"
GeelongWinter2024,"222,333,333bf,333oh,444,pyram,skewb"
GemCityAviationOH2024,"222,333,444,skewb,sq1"
GemCityFlybysIOH2024,"333oh,666,pyram"
GemCitySpecialIIOH2024,"333bf,333fm,444bf,555bf,clock"
GemCityVIIIOH2024,"333bf,333mbf"
GesteUneFois2024,"222,333,333bf,333fm,333mbf,333oh,444,444bf,555,555bf,minx,pyram,skewb,sq1"
GettheAverageTN2024,"333bf,666,777,clock,minx"
GiocAostaCubeOpen2024,"222,333,333bf,333oh,444,pyram"
GlasgowSideEventsAutumn2024,"444,555,666,777,clock,minx,sq1"
GoldenSquareShopping2024,"222,333,333oh,clock,pyram,skewb"
GoldenTouch2024,"333,333oh,clock,skewb,sq1"
GoraszkaFMCSunday2024,333fm
Gotalandsmasterskapet2024,"222,333,333bf,333fm,333mbf,333oh,444,444bf,555,555bf,666,777,clock,minx,pyram,skewb,sq1"
Gouverneur2024,"222,333,333bf,666,777,clock,skewb,sq1"
GoypaLandet2024,"222,333,444,pyram"
GrandForks2024,"222,333,clock,minx,pyram,skewb,sq1"
GrandRapidsCubes2024,"333,333bf,444,clock,pyram,skewb"
GreatLakesChampionship2024,"222,333,333bf,333fm,333mbf,333oh,444,444bf,555,555bf,666,777,clock,minx,pyram,skewb,sq1"
GridoCubeaAsuncion2024,"222,333"
GuangzhouBigCubes2024,"444,555,666,777"
GuangzhouQuietDay2024,"333bf,333fm,333mbf,444bf,555bf"
GuelaguetzaOaxaca2024,"222,333,333oh,444,minx,pyram,skewb"
GurugramAutumnCubeOpen2024,"222,333,333fm,333oh,clock,minx,pyram,skewb,sq1"
HampshireAutumn2024,"222,333,333bf,333oh,444,444bf,555bf,clock,minx"
HanoiCOPOpen2024,"222,333,333oh,444,pyram"
HawaiiBigIslandSummer2024,"222,333,555,clock,pyram,skewb,sq1"
HawaiiBigIslandWinter2025,"222,333,333bf,333oh,444,minx,pyram,skewb"
HCMCCubingAutumn2024,"222,333,333bf,333oh,444,555,clock,minx,pyram,skewb,sq1"
HeerenveenOpen2024,"333,333bf,444,clock,minx"
HighFiveBloomsburg2024,"333,333oh,555,minx,skewb"
HobartWinter2024,"222,333,333bf,333mbf,clock,pyram,skewb"
HongKongBlindLegends2024,"333bf,333mbf,444bf,555bf"
HongKongCubeDay2024,"222,333,333oh,444,pyram,sq1"
HonoluluHaulelau2024,"222,333,333oh,444,clock,pyram,skewb"
HonoluluHippocampus2024,"333bf,333fm,333mbf,555,666,777,sq1"
HonoluluHooilo2025,"222,333,444,555,666,pyram,skewb"
HonoluluUukuaMakapo2025,"333bf,333oh,444bf,555bf,777,clock,minx,sq1"
HostiMalarparlan2024,"222,333,333oh,444,555,pyram,skewb"
HotelForumOpen2024,"222,333,333oh,pyram"
HsinchuSummerOpen2024,"222,333,333oh,444,skewb"
HuanucoalCubo2024,"222,333,333bf,333oh,444,pyram,skewb"
HudsonValleySummer2024,"333,444,555,sq1"
HuitzitzilliTlaxcala2024,"222,333,clock,skewb"
Huizhou10thAnniversary2024,"222,333,333oh,pyram,skewb"
HungarianAllRounder52024,"222,333,444bf,555bf,pyram,skewb"
HungarianAllRounder62024,"666,777,minx,pyram,skewb,sq1"
HungarianAllRounder72024,"333bf,333fm,333mbf,444bf,555bf"
HungarianAllRounder82024,"333,333oh,555,666,777,clock"
HvidovreSommerEfterar2024,"222,333,333bf,333oh,444,555,clock,minx,pyram,skewb,sq1"
Ibague2024,"222,333,333oh,555,pyram,skewb"
IgluOpenTijuana2024,"222,333,333oh,pyram,skewb"
IguatemiFortalezaIV2024,"222,333,333bf,333oh,444,clock,minx,pyram,skewb"
IITeresinaBrightCube2024,"222,333,pyram,skewb"
ImaginaireQuebec2024,"222,333,444,555,minx,pyram,skewb"
ImaginationStationA2025,"222,333,333oh"
ImaginationStationB2025,"333,pyram,skewb"
ImusSidesMatter2024,"222,clock,minx,pyram,skewb,sq1"
IndianaChampionship2024,"222,333,333bf,333fm,333mbf,333oh,444,444bf,555,555bf,666,777,clock,minx,pyram,skewb,sq1"
IpswichAutumn2024,"222,333,333bf,333oh,444,555,666,clock,minx,skewb"
Islandsmotid2024,"222,333,333bf,333fm,333oh,444,444bf,555,666,777,clock,minx,pyram,skewb,sq1"
IsraelChampionship2024,"222,333,333bf,333mbf,333oh,444,444bf,555,555bf,666,777,clock,minx,pyram,skewb,sq1"
IsraelFMCChampionship2024,333fm
IstanbulSmallA2024,"222,333,333oh,clock,pyram,skewb"
IstanbulSmallB2024,"222,333,333oh,clock,pyram,skewb"
ItalianChampionship2024,"222,333,333bf,333mbf,333oh,444,444bf,555,555bf,666,777,clock,minx,pyram,skewb,sq1"
ItalianOpen2024,"222,333,333oh,444,666,777,minx,sq1"
IvreaBacktoSquareOne2024,"222,333,333bf,333mbf,333oh,444,555,clock,pyram,skewb,sq1"
JayPeakCubikon2024,"333,333oh,clock,minx,pyram,sq1"
JCCQ8speedcubingNationals2024,"222,333,333bf,333mbf,333oh,444,444bf,555,555bf,666,777,clock,minx,pyram,skewb,sq1"
JoaoCamaraOpen2024,"222,333,minx,pyram"
KailuaLiiPoakahi2024,"333,skewb,sq1"
KailuaLiiPoakolu2024,"222,333,444"
KailuaLiiPoalua2024,"333,clock,pyram"
KarawangOpen2024,"222,333,333bf,333oh,444,clock,minx,pyram,skewb"
KarkiOpen2024,"222,333,333bf,333fm,333mbf,333oh,444,444bf,555,555bf,666,777,clock,minx,pyram,skewb,sq1"
KCKC5FastandFurious2024,"222,333,444,pyram,sq1"
KCKC6CubingforCake2024,"222,333,444,666,clock,pyram"
KedahCubeOpen2024,"222,333,333oh,minx,pyram,skewb"
KentSummer2024,"222,333,444,pyram"
KewbzUKOpen2024,"222,333,333oh,444,clock,pyram,skewb"
KewClockClash2024,"333bf,333mbf,444bf,555,555bf,666,777,clock,minx,sq1"
KingofPrussiaWeeknights2024,"clock,minx,sq1"
KoreanChampionship2024,"222,333,333bf,333mbf,333oh,444,444bf,555,555bf,666,777,clock,minx,pyram,skewb,sq1"
KoreanFMCChampionship2024,333fm
KSAirCapitalCubing2024,"333,333oh,666,777,minx,pyram,skewb"
KublordagJonkopingII2024,"222,333,333bf,444,666,777,clock,skewb"
KublordagJonkopingIII2024,"222,333,333oh,444bf,555bf,minx,pyram,sq1"
KublordagVasterasIV2024,"222,333,333bf,333oh,444,444bf,555,555bf,666,777,clock,minx,pyram,skewb,sq1"
KublordagVasterasV2024,"222,333,333bf,333oh,444,444bf,555,555bf,666,777,clock,minx,pyram,skewb,sq1"
KumaraguruCubeOpen2024,"222,333,333bf,333fm,333mbf,333oh,444,444bf,555,555bf,666,777,clock,minx,pyram,skewb,sq1"
KumonFortaleza2024,"222,333,333bf,333mbf,444,444bf,555,666,777,clock,minx"
KuwaitSideEvents2024,"333bf,333fm,333mbf,444bf,555,555bf,666,777,clock,minx,sq1"
KyivBlindSide2024,"333,333bf,333fm,333mbf,333oh,444bf,555bf,clock,minx,pyram,skewb"
KyivNxNSummer2024,"222,333,333fm,444,555,666,777"
LaFilandaSpeedcubing2024,"222,333,444,clock,minx,pyram,skewb"
LagunaSpeedcubingOpenV2024,"222,333,333bf,333oh,555,clock,minx,skewb"
LaLaLand2024,"222,333,333bf,333mbf,333oh,444,444bf,555,555bf,666,777,clock,minx,pyram,skewb,sq1"
LandofLincoln2024,"222,333,clock,minx,pyram,skewb"
LaosChampionship2024,"222,333,333bf,333oh,444,pyram,skewb"
LasPinasSpeedcubingOpen2024,"222,333,333oh,555,clock,pyram,skewb"
LeersumAlgs24Hoursin2024,"222,333,333bf,333fm,333mbf,333oh,444,555,666,777,clock,minx,pyram,skewb,sq1"
LeicestershireAutumn2024,"222,333,333bf,333oh,444,555,minx,pyram,skewb"
LexingtonWeeknightsIII2024,"333,clock,minx"
LexingtonWeeknightsIV2024,"333,555,777"
LexingtonWeeknightsV2024,"222,333,sq1"
LexingtonWeeknightsVI2024,"333,333bf,333oh"
LexMiniIII2024,"333bf,333fm,clock,sq1"
LightsOutDiliman2024,"333bf,333fm,333mbf,444bf,555bf,clock"
LincolnLibraryCubing2024,"222,333,444,555,pyram,skewb"
LincolnshireSummer2024,"222,333,333bf,333oh,444,555,666,777,clock,pyram,skewb,sq1"
LippoMallPuriSpeedcubing2024,"222,333,333bf,333oh,clock,minx"
LleidaOpen2024,"222,333,333bf,333oh,444bf,clock,minx,pyram,skewb,sq1"
LloydminsterBorderBattle2024,"222,333,333oh,pyram,skewb"
LogronoOpen2024,"222,333,333fm,444,clock,minx,pyram,skewb,sq1"
LonayCube2024,"333,333bf,444,666,777,clock,pyram,skewb"
LoonCubikon2024,"222,333,333oh,444,clock,sq1"
LusoBussacoOpen2024,"222,333,333bf,333mbf,333oh,444,555,666,777,minx,skewb"
LuxembourgNationals2024,"222,333,333bf,333fm,333oh,444,555,666,777,minx,pyram,skewb"
LuziceOpen2024,"222,333,333bf,333fm,444,clock,minx,pyram,skewb,sq1"
MahaloiaMaui2024,"222,333,333oh,444,pyram,skewb,sq1"
MahaviraCubeOpenSaturday2024,"222,333,333bf,333oh,pyram,skewb"
MahaviraCubeOpenSunday2024,"222,333,333bf,333oh,pyram,skewb"
MakatiSpeedcubingOpen2024,"222,333,333oh,666,clock,pyram,skewb"
MalaysiaCubeChampionship2024,"222,333,333oh,444,555,666,777,clock,minx,pyram,skewb,sq1"
Manchester4BLDDay2024,"333bf,444bf,555bf"
Manchester5BLDDay2024,"333bf,333mbf,444bf,555bf"
ManchesterAugust2024,"222,333,minx,pyram,skewb"
ManchesterFMCDay2024,"333bf,333fm,333oh"
ManchesterPyraminxDay2024,"clock,minx,pyram,sq1"
ManilasBlindsided2024,"333,333bf,444bf,555bf,clock,minx,pyram,skewb,sq1"
MarsdeNxN2024,"222,333,333bf,333mbf,444,666,pyram"
MatatipacOpen2024,"333,333oh,clock,minx,pyram,skewb,sq1"
MayoCubing2024,"222,333,333bf,333mbf,333oh,444,555,666,clock,minx,pyram,skewb,sq1"
McMinnvilleCubingFall2024,"222,333,333oh,pyram,sq1"
mcubesAlleppeyOpen2024,"222,333,333bf,333oh,444,clock,minx,pyram,skewb"
MeathforSpeed2024,"222,333,444,555,clock,minx,pyram,skewb,sq1"
MegaTimeSingapore2024,"333bf,444,555,666,777,minx"
MicentroFunza2024,"222,333,444,minx,pyram"
MichiganMini212024,"333,333bf,skewb"
MichiganMini222024,"333,minx,pyram"
MidAtlanticChampionship2024,"222,333,333oh,444,555,666,777,clock,minx,pyram,skewb,sq1"
MiddleGeorgiaGivesThanks2024,"222,333,clock,minx,pyram"
MidlandsMixup2024,"222,333,333bf,333mbf,333oh,444,444bf,555,666,clock,minx,skewb,sq1"
MindSportsOlympiadLondon2024,"222,333,333bf,333oh"
MiniMentalUppsala2024,"333bf,333fm,333mbf,444bf,555bf"
MinnesotaChampionship2024,"222,333,333oh,444,555,666,777,clock,minx,pyram,skewb,sq1"
MinnesotaMeetupIVMonday2024,"222,333,pyram"
MinnesotaMeetupIVTuesday2024,"222,333,skewb"
MinnesotaQuietChampionship2024,"333bf,333fm,333mbf,444bf,555bf"
MinnesotaWarmUp2024,"222,333,333bf,333oh,444,555,666,777,clock,minx,pyram,skewb,sq1"
MinxItUpinPasig2024,"222,333,333oh,clock,minx,pyram"
MississippiCubingDawgs2024,"333,333oh,444,555,minx,skewb,sq1"
MissouriChampionship2024,"222,333,333bf,333fm,333mbf,333oh,444,444bf,555,555bf,666,777,clock,minx,pyram,skewb,sq1"
MMovesinMiddlebury2024,"222,333,444,clock,pyram,skewb"
MofunlandSpeedcubingSG2024,"222,333,333oh,pyram,skewb"
MontemurloSpeedcubing2024,"222,333,333oh,444,555,666,777,clock,minx,pyram"
MoroccanNationals2024,"222,333,333bf,333mbf,333oh,444,555,minx,pyram,skewb,sq1"
MorroReuterCubing2024,"222,333,333bf,333fm,333mbf,333oh,444,444bf,555,777,clock,minx,pyram,skewb,sq1"
MotavitaBoyaca2024,"222,333,444,555,minx,pyram"
MoveItMidland2024,"333,444,minx,pyram,skewb,sq1"
MtProspectMiniMarathon2024,"333bf,555,666,777,clock,minx"
MuggioICQualifier2024,"222,333,333fm,333oh,444,555,666,777,clock,minx,pyram,skewb,sq1"
MumbaiCityCubeOpen2024,"333,minx,pyram,skewb,sq1"
MySkoolCubeOpenBLRAug2024,"222,333,333bf,333oh,444,444bf,clock,minx,pyram,skewb,sq1"
NemoconCundinamarca2024,"222,333,444,pyram"
NerjaChanqueteOpen2024,"222,333,333bf,333oh,444,555,clock,minx,pyram,skewb,sq1"
NewEnglandChampionship2024,"222,333,333bf,333oh,444,555,666,777,clock,minx,pyram,skewb,sq1"
NewEnglandQuietChampionship2024,"333fm,333mbf,444bf,555bf"
NewmarketSideEvents2024,"333bf,666,777,clock,minx"
NewRochelleatNite42024,"333mbf,555"
NewRochelleatNite52024,"333,333bf,skewb"
NewTaipeiBigCubeDay2024,"555,666,777"
NewYorkChampionship2024,"222,333,333oh,444,555,666,777,clock,minx,pyram,skewb,sq1"
NewYorkQuietChampionship2024,"333bf,333fm,333mbf,444bf,555bf"
NewZealandNationals2024,"222,333,333bf,333mbf,333oh,444,444bf,555,555bf,666,777,clock,minx,pyram,skewb,sq1"
NiagaraFallsSummer2024,"222,333,333oh,clock,pyram,skewb"
NimbleNewborough2024,"222,333,333bf,333oh,444,444bf,555bf,clock,pyram,skewb"
NinosHeroesJalisco2024,"333oh,clock,minx,pyram,sq1"
NoNxNsinLexington2024,"clock,minx,pyram,skewb,sq1"
Norrlandsmasterskapet2024,"222,333,333bf,333fm,333mbf,333oh,444,444bf,555,555bf,666,777,clock,minx,pyram,skewb,sq1"
NorthBranchCampfire2024,"333bf,444bf,666,777,clock,minx"
NorthSlovakianOpen2024,"222,333,333bf,333oh,444,clock,minx,pyram,skewb,sq1"
NorthStarMN2025,"222,333,333bf,333mbf,444,444bf,555,clock,minx,skewb,sq1"
NorwegianChampionship2024,"222,333,333bf,333mbf,333oh,444,444bf,555,555bf,666,777,clock,minx,pyram,skewb,sq1"
NZCubingDecathlon2024,"222,333,333bf,333mbf,333oh,555,777,clock,minx,pyram"
NZNorthIslandChampionship2024,"222,333,333bf,333mbf,333oh,444,444bf,555,555bf,666,777,clock,minx,pyram,skewb,sq1"
OamaruOpen2024,"222,333,333bf,333oh,444,555,clock,pyram,skewb"
OC2024,"222,333,333bf,333mbf,333oh,444,444bf,555,555bf,666,777,clock,minx,pyram,skewb,sq1"
OceanStateCubikon2024,"222,333,333bf,333oh,clock,pyram"
OklahomaAfternoonTwist2024,"222,333,555,pyram,sq1"
OklahomaQuietChampionship2024,"333bf,333fm,333mbf,444bf,555bf"
OldhamCountyCubing2024,"333,333bf,555,pyram,skewb"
OlimpiadasSantiago2024,"222,333,333bf,333fm"
OnlyCubesinWellington2024,"222,333,333bf,333fm,333mbf,333oh,444,555,666,777,sq1"
OntarioChampionship2024,"222,333,333bf,333oh,444,555,666,777,clock,minx,pyram,skewb,sq1"
OpenPUCPCubingCommunity2024,"222,333,333bf,333oh,444,555,666,777,clock,minx,pyram,skewb,sq1"
OrebroMinxfest2024,"333bf,333fm,555,666,777,clock,minx,sq1"
OregonChampionship2024,"222,333,333bf,333fm,333mbf,333oh,444,444bf,555,555bf,666,777,clock,minx,pyram,skewb,sq1"
OrtigasFairandSquares2024,"222,333,444,555,666,777,minx"
Ottawa3x3x3FallA2024,333
Ottawa3x3x3FallB2024,333
Ottawa3x3x3FallC2024,333
OttawaBigCubes2024,"555,666,777,minx"
OttawaBlindfolded2024,"333bf,333mbf,444bf,555bf"
OttawaFavourites2024,"222,333,333oh,444,555,clock,minx,pyram,skewb,sq1"
OttawaSummer2024,"222,333,333bf,minx,skewb"
OutletdelasAmericas2024,"444,555,minx,skewb"
PalaisOpen2024,"333,444,555,666,clock,minx,pyram,skewb,sq1"
PanamaNationals2024,"222,333,333bf,333fm,333mbf,333oh,444,555,666,777,clock,minx,pyram,skewb,sq1"
PangasinanSpeedcubingOpen2024,"222,333,333bf,444,555,clock,pyram"
PanhandleLakeCubeCamp2024,"222,333,333oh,pyram,sq1"
ParaguayNationals2024,"222,333,333oh,444,555,666,777,clock,minx,pyram,skewb,sq1"
ParquemetCubos2024,"222,333,444,555,pyram,skewb"
PerthTimeTrial2024,"222,333,666,777,clock,skewb,sq1"
PerthWinter2024,"222,333,333bf,333oh,444,555,666,777,pyram,skewb"
PIBItaimOpen2024,"222,333,333bf,clock,pyram,skewb"
PickeringFavouritesAutumn2024,"222,333,333oh,444,555,666,777,clock,minx,pyram,skewb,sq1"
PickeringMiniAfternoon2024,"333,444"
PickeringMiniMorning2024,"222,333"
PilznointheMirror2024,"222,333,333oh,444,555,clock,minx,pyram,skewb,sq1"
PitBombaSidesGoiania2024,"333bf,444bf,555,666,777,clock,minx,skewb,sq1"
PlanetarioRioOpen2024,"222,333,333bf,333oh,444,555,clock,minx,pyram,skewb,sq1"
PleaseBeQuietBeijing2024,"333bf,333fm,333mbf,444bf,555bf"
PleaseBeSolvedPadbury2024,"333bf,333mbf,444bf,555bf,clock"
PocoesGeek2024,"222,333,333oh,444,minx,pyram"
PocosCuposBogotaXI2024,"333bf,333mbf,clock"
PoliedrosAvesMaria2024,"222,333,333oh,clock,minx,pyram,skewb,sq1"
PopayanalCubo2024,"222,333,444,minx,pyram"
PortugalChampionship2024,"222,333,333bf,333fm,333mbf,333oh,444,444bf,555,555bf,666,777,clock,minx,pyram,skewb,sq1"
PrairieChampionship2024,"222,333,333bf,333oh,444,555,666,777,clock,minx,pyram,skewb,sq1"
PretzelManiaSummer2024,"222,333,333bf,333oh,666,777,pyram,skewb"
PribramCube2024,"222,333,444,555,666,777,clock"
PUCPCubingFestivalll2024,"222,333bf,444bf,666,777,clock,minx,pyram,skewb,sq1"
PuertoRealCamaleonOpen2024,"222,333,333bf,333oh,444,555,clock,pyram,skewb,sq1"
PuneCubeCarnival2024,"222,333,333oh,444,666,777,clock,pyram,skewb,sq1"
PuneUnscrambled2024,"333,333bf,333oh,555,clock,minx,pyram,skewb"
PuzzlingatJHSAug2024,"222,333,333bf,333mbf,444,555,555bf,666,777,minx,pyram"
PuzzlingParramatta2024,"333,333bf,333mbf,444,444bf,555bf,666,777,clock,pyram"
PyraminxinPewaukee2024,"333,clock,pyram,skewb,sq1"
QuabbiNxNFall2024,"333,444,555,666,777"
QualifyinginKirstenhof2024,"222,333,333bf,333mbf,333oh,444,444bf,555,pyram,skewb,sq1"
QuickinQuincy2024,"222,333,666,777,clock,minx,skewb"
QuickSolvingAtCobham2024,"222,333,333oh,444,555,clock,minx,pyram,skewb"
QuietSeattleSummer2024,"333bf,333fm,333mbf,444bf,555bf"
RaipurMonsoonCubeOpen2024,"222,333,333oh,444,pyram,skewb"
RajshahiCubingShowdown2024,"222,333,333oh,pyram,sq1"
ReddingFall2024,"222,333,333oh,444,555,pyram,skewb"
RenoMiniSummer2024,"333,333oh,clock,minx,skewb"
ReyesdelCuboChiclayoII2024,"222,333,333bf,333oh,444,555,pyram"
RheinNeckarMS2024,"333bf,333fm,333mbf,444bf,555bf,sq1"
RitmoBoyacaInnovoDuitama2024,"222,333,444,pyram,skewb,sq1"
RomaarCubbo2024,"333,333bf,333mbf,333oh,444,444bf,555,666,minx,pyram,skewb,sq1"
RomanianBreakingRecords2024,"222,333,333bf,333mbf,333oh,444,444bf,555,555bf,666,777,clock,minx,pyram,skewb,sq1"
RosemountBigCubes2024,"333,333oh,444,555,666,777"
RosemountSideEvents2024,"333,clock,minx,pyram,skewb,sq1"
RotundaVA2024,"333bf,333fm,333mbf,444bf,555bf"
Rubiks50AnosGuatemala2024,"222,333"
Rubiks50AnosPanama2024,"222,333"
RubiksGermanNationals2024,"222,333,333bf,333fm,333mbf,333oh,444,444bf,555,555bf,666,777,clock,minx,pyram,skewb,sq1"
RubiksUKChampionship2024,"222,333,333bf,333mbf,333oh,444,444bf,555,555bf,666,777,clock,minx,pyram,skewb,sq1"
RubiksWCAAfricanChampionship2024,"222,333,333bf,333fm,333mbf,333oh,444,444bf,555,555bf,666,777,clock,minx,pyram,skewb,sq1"
RubiksWCAAsianChampionship2024,"222,333,333bf,333fm,333mbf,333oh,444,444bf,555,555bf,666,777,clock,minx,pyram,skewb,sq1"
RutaValencianaIITioPep2024,"222,333,444,555,666,777,clock,minx,pyram,skewb,sq1"
RutaValencianaIVSueca2024,"222,333,333oh,444,555,clock,pyram,skewb"
SAC2024,"222,333,333bf,333mbf,333oh,444,444bf,555,555bf,666,777,clock,minx,pyram,skewb,sq1"
SacCubingXVIII2024,"222,333,333bf,444,pyram,sq1"
SACFMC2024,333fm
SacQuietFall2024,"333fm,333mbf,444bf,555bf"
SalamancaGuanajuato2024,"222,333,333bf,333oh,444,clock,minx,pyram"
SalonicaOpen2024,"222,333,444,555,clock,pyram,skewb,sq1"
SaltaalCuboV22024,"222,333,333fm,333oh,444,555,666,777,clock,minx,pyram,skewb"
SamutprakarnCubeOpen2024,"222,333,333oh,444,555,666,777,minx,pyram,skewb"
SandnesOpen2024,"222,333,333oh,444,555,666,777,minx,pyram"
SanMateoSpeedcubingOpen2024,"222,333,333bf,333fm,777,minx,pyram"
SantaColomaBogotaII2024,"222,333,333oh,clock,pyram,skewb"
SantiagodelEsteroCubeaV22024,"222,333,333bf,333oh,444,clock,minx,pyram,skewb,sq1"
SantoDomingoSummer2024,"222,333,333bf,333oh,444,555,minx,pyram,sq1"
SaratogaSilentSprings2024,"222,333,333bf,333fm,444bf,555,555bf,666,777,clock,pyram,skewb"
SaratogaSpringsSummer2024,"222,333,clock,pyram,skewb"
SarrigurenOpen2024,"222,333,333bf,333oh,444,clock,minx,pyram,skewb,sq1"
SaskatchewanBigCubes2024,"222,333,444,555,666,777"
ScenicCityScrambleTN2024,"222,333,555,clock,skewb"
SchnelleSolvesSiegen2024,"333,333bf,333oh,444,555,666,clock,minx,pyram,sq1"
SEKAlboranAlmerimarOpen2024,"222,333,444,clock,minx,pyram,skewb,sq1"
SgKempinskiRubiks50Anni2024,"333,333bf,333oh"
ShanghaiFMCSummer2024,333fm
ShhicagoII2024,"333bf,333fm,333mbf,333oh,444bf,555bf,minx"
ShinKongOpenKaohsiung2024,333
ShinKongOpenNewTaipei2024,333
ShinKongOpenTaichung2024,333
SideEventsBangaloreJuly2024,"222,333bf,333oh,444,444bf,clock,minx,pyram,skewb,sq1"
SideEventsChennai2024,"clock,minx,pyram,skewb,sq1"
SideNBlindNarreWarren2024,"333bf,333fm,333mbf,444bf,555bf,777,clock,minx,sq1"
SidesBahia2024,"333bf,444,555,666,777,clock,minx,sq1"
SilenceinNayarit2024,"333,333bf,333fm,333mbf,333oh,444bf,555bf,clock"
SilencESCOM2024,"333,333bf,333mbf,minx"
SilesianCubingPawlowice2024,"222,333,333bf,333oh,444,555,666,777,clock,minx"
SilesianMinxFest2024,"222,333bf,333fm,333mbf,333oh,444,555,666,777,clock,minx,pyram,skewb,sq1"
Singapore3xFMCx32024,333fm
SingaporeBigCube2024,"444,555,666,777,minx"
SingaporeHougangOpen2024,"222,333,444,555,666,777,minx"
SingaporeMasters2024,"333bf,444,555,666,777,clock,minx,sq1"
SingaporeSprint2024,"222,333oh,444,clock,pyram,skewb,sq1"
SJCMazzaOpen2024,"222,333,333bf,555,clock,pyram"
SkewbelezaFortaleza2024,"222,333bf,333fm,333oh,555,clock,minx,skewb"
SkewbMastersBogota2024,"222,333,444,minx,pyram,skewb"
SkewbragonMexico2024,"222,clock,skewb"
SL279EttHalsosamtVal2024,"333,333bf,666,clock,minx,pyram"
SL295EnAndraChans2024,"222,333,444,444bf,777,sq1"
SL306OfrivilligSpion2024,"222,333,555bf,777,skewb,sq1"
SL393AnkornasKamp2024,"333,444bf,555,666,minx,pyram"
SL414KampenBorjar2024,"333,333oh,555,555bf,clock,pyram"
SL435MaktigJul2024,"222,333,333bf,333oh,444,skewb"
SlovakNationals2024,"222,333,333bf,333mbf,333oh,444,444bf,555,555bf,666,777,clock,minx,pyram,skewb,sq1"
SlovenianFMCNationals2024,333fm
SlovenianNationals2024,"222,333,333bf,333mbf,333oh,444,444bf,555,555bf,666,777,clock,minx,pyram,skewb,sq1"
SlowDownAdelaide2024,"333bf,333mbf,444bf,555,555bf,666,777,minx"
SolvedCentralAlberta2024,"222,333,333oh,clock,skewb"
SolvingatSycamoreTN2024,"222,333,pyram,sq1"
SomersetSeptember2024,"222,333oh,444,clock,minx,sq1"
SommerudenSolLejre2024,"333bf,333mbf,333oh,444,444bf,555,555bf,clock,minx,skewb,sq1"
SorgOpen2024,"222,333,333bf,333oh,444,555,minx,pyram,sq1"
SouthAucklandSideEvents2024,"222,333,777,minx,pyram,skewb,sq1"
SouthBayWeeknightBF42024,"333bf,333fm,666,777,minx"
SouthernChampionship2024,"222,333,333bf,333mbf,333oh,444,444bf,555,555bf,666,777,clock,minx,pyram,skewb,sq1"
SouthernFMCChampionship2024,333fm
SouthLuzonChampionship2024,"222,333,333oh,444,555,clock,skewb"
SPAMtownIIIMN2024,"222,333,555,666,minx,pyram"
SpanishChampionship2024,"222,333,333bf,333mbf,333oh,444,444bf,555,555bf,666,777,clock,minx,pyram,skewb,sq1"
SparkMelbourneSaturday2024,"222,333,333oh"
SparkMelbourneSunday2024,"333,444,pyram"
SpeedcubeBajaOpen2024,"222,333,333bf,333oh,444,555,pyram,skewb"
SpeedcubingBucaramanga2024,"222,333,333fm,clock,minx,pyram,sq1"
SpeedcubingLaGuajira2024,"222,333,333oh,pyram,skewb"
SpeedySouthport2024,"333,333oh,555,777,minx,skewb,sq1"
SpookyMinisota2024,"777,sq1"
SpringfieldCubeDay2024,"333,333oh,clock,minx,skewb,sq1"
SpringingintoAuckland2024,"222,333,555,666,777,clock,skewb"
StektFalukorvOpen2024,"222,333,333bf,333fm,333oh,444,555,666,777,clock,minx,pyram,skewb,sq1"
StevenageAugust2024,"222,333,333oh,555,666,pyram"
StevenageBeginnersSepA2024,"222,333,333oh,444"
StevenageBeginnersSepB2024,"222,333,pyram,skewb"
StevenageJuly2024,"222,333,333oh,444,pyram,skewb"
StevenageOctober2024,"222,333,444,555,777,clock,pyram,sq1"
SummerCubinginStafsinge2024,"222,333,333bf,333mbf,333oh,444,clock,minx,pyram,skewb,sq1"
SummerVibePuck2024,"222,333,333bf,444,777,clock,minx,pyram,sq1"
SundaySilenceSingapore2024,"333fm,333mbf,444bf,555bf"
SunnyCubingArmenia2024,"222,333,333oh,444,pyram,skewb,sq1"
SuperDuperSanDiego2024,"222,333,333oh,444,555,666,777,minx,pyram,skewb"
SuratCubingSprint2024,"222,333,333oh,444,clock,pyram,skewb"
Svealandsmasterskapet2024,"222,333,333bf,333fm,333mbf,333oh,444,444bf,555,555bf,666,777,clock,minx,pyram,skewb,sq1"
SwisscubingCupMBII2024,"333bf,333fm,333mbf,444bf,555,555bf,666,777,minx"
SwisscubingCupV2024,"222,333,333bf,444,666,777,clock,minx,pyram"
SwissNationals2024,"222,333,333bf,333mbf,333oh,444,444bf,555,555bf,666,777,clock,minx,pyram,skewb,sq1"
SzansaCubingOpenWarsaw2024,"222,333,333bf,333fm,444,clock,pyram,skewb"
SzczecinSummerMadness2024,"222,333,333bf,333fm,333mbf,333oh,444bf,555,555bf,666,777,clock,minx,sq1"
SzokolyaOpen2024,"222,333,333fm,333oh,444bf,555,666,777,skewb,sq1"
TaboaodaSerraOpen2024,"333,333bf,333oh,444,555,666,777,minx,sq1"
TacomaSummer2024,"333,333oh,clock,skewb"
TaiwanAntiNxNxN2024,"clock,minx,pyram,skewb,sq1"
TakeYourTimeSydney2024,"333bf,444,555,666,777,clock,minx,sq1"
TarazonadelaManchaOpen2024,"222,333,333bf,333oh,444,555,minx,pyram,skewb"
TarijaSpeedFest2024,"222,333,333bf,333oh,444,555,minx,pyram,skewb"
TbilisiJulyOpen2024,"222,333,pyram"
TbilisiJulySideEvents2024,"333oh,444,minx,skewb"
TbilisiSeptemberOpen2024,"222,333,333oh,444,555,666,777,minx,pyram,skewb,sq1"
TelanganaCubeChampionship2024,"222,333,333bf,333mbf,333oh,444,444bf,555,555bf,666,777,clock,minx,pyram,skewb,sq1"
TemeculaValleyFall2024,"222,333,333oh,444,777"
TercerAldeilla2024,"333oh,clock,minx,pyram,skewb,sq1"
TexcocoOpenX2024,"333,333oh,pyram"
TexcocoOpenY2024,"333,clock,skewb"
TexcocoOpenZ2024,"222,333,444"
TheBigCubeMelbourne2024,"222,333,444,clock"
TheEndofAutotalo2024,"222,333fm,333oh,444,555,666,777,clock,minx,pyram,skewb,sq1"
TimisoaraCubing2024,"222,333,333oh,444,pyram,skewb"
TirChonaillCubing2024,"222,333,333bf,444,555,666,777,clock,minx,pyram,skewb,sq1"
TitanBigCubesSantiago2024,"444,555,666,777"
TitanBigNBlind2024,"333bf,333mbf,444,555,666,777,minx"
TokaiOpenAM2024,"333,333oh"
TokaiOpenPM2024,"333,555"
TorunCubingSummer2024,"222,333,444,555,666,777,minx,pyram,sq1"
TramshedsIIIAugustSaturday2024,"222,333,333oh"
TramshedsIIIAugustSunday2024,"333,pyram,sq1"
TrebolisElPorvenirBogota2024,"333,333oh,555,666,777,clock,pyram"
TriesteSpeedcubing2024,"222,333,333oh,444,555,pyram"
TTownShowdownAL2024,"222,333,444,555,minx"
TunasOpenSLP2024,"222,333,333bf,444,777,clock,minx"
TurnNSolveBataan2024,"222,333,333oh,444,555,666,777,clock,minx,pyram,skewb,sq1"
TwixmasFlen2024,"222,333,333bf,333mbf,333oh,444,444bf,555,555bf,666,777,clock,minx,pyram,skewb,sq1"
UCSBCubing2024,"222,333,clock,pyram,skewb"
UFBAVI2024,"222,333,666,minx,pyram"
UnicentroArmeniaII2024,"222,333,333oh,444,pyram,skewb"
UnidaviaoCubo2024,"222,333,444,clock,pyram,skewb"
Uppsalaligan1Coin2024,"222,333,333oh,555,555bf,skewb,sq1"
Uppsalaligan2Polaris2024,"333,333bf,444,666,clock,minx,pyram"
UrdanetaSpeedcubingOpen2024,"222,333,444,555,clock,pyram,skewb"
UtahCubingwithCulture2024,"222,333,444,555,666,777"
UTNIbarraOpen2024,"222,333,333bf,333oh,444,pyram"
UTPCubeOpen2024,"222,333,333bf,333oh,444,555,666,777,clock,minx,pyram,skewb,sq1"
UzhhorodOpen2024,"222,333,333bf,333fm,333oh,444,555,clock,pyram,skewb,sq1"
ValdAranOpen2024,"222,333,333bf,333fm,333oh,444,555,666,777,clock,minx,pyram,skewb,sq1"
ValenzuelaCubingOpen2024,"222,333,333bf,444,555,777"
ValenzuelaSidesChallenge2024,"333,333oh,clock,minx,pyram,skewb,sq1"
VarnaOpen2024,"222,333,444,pyram,skewb"
VarzeaGrandeaoCubo2024,"222,333,333oh,444,555,minx,pyram,skewb,sq1"
VaudesincourtPasLesRues2024,"333bf,555,666,777,clock,minx,skewb,sq1"
VegasCubingCupSummer2024,"222,333,555,pyram,skewb"
VibraSocialCundinama2024,"222,333,444,minx,pyram,skewb"
VieniaCubareinPuglia2024,"222,333,333bf,333oh,444,555,666,777,minx,pyram,sq1"
VietnamChampionship2024,"222,333,333bf,333fm,333mbf,333oh,444,444bf,555,555bf,666,777,clock,minx,pyram,skewb,sq1"
VigevanoSquared2024,"222,333,333bf,333mbf,333oh,444,666,777,clock,pyram,sq1"
ViljandiOpen2024,"222,333,333oh,444,clock,pyram,skewb"
VilladelRioBogota2024,"222,333,444,555,clock,pyram"
VillapinzonalCuboOpenII2024,"222,333,333bf,333oh,666,777,skewb"
VinaCubingFestIVSC2024,"222,333,333bf,333mbf,333oh,444,444bf,555,666,777,clock,minx,pyram,skewb"
VinaOpen2024,"222,333,555,666,777,skewb"
VintageCubingLaPaz2024,"333,clock,minx,pyram,sq1"
ViseOpenSaturday2024,"222,333,clock,minx,pyram,skewb"
ViseOpenSunday2024,"333,333bf,333oh,444,555,666,777"
VitoriaChallenge2024,333
VperVarese2024,"333fm,333mbf,333oh,555,555bf,666,777,minx,skewb"
WaihopaiWinter2024,"222,333,333oh,444,555,666,777,clock,minx,pyram,skewb"
WarmUpatgatewayklia22024,"222,333,333oh,444,555,666,777,clock,minx,pyram,skewb,sq1"
WarmUpSACSantiago2024,"222,333,333bf,333oh,444,minx,pyram,skewb"
WarmUpWommelgem2024,"222,333,333bf,444,555,777,clock,minx,pyram,skewb,sq1"
WarsawFMCTourFriday2024,333fm
WarsawFMCTourSaturday2024,333fm
WarsawFMCTourThursday2024,333fm
WashtenawSummer2024,"222,333,555,666,clock,minx,pyram"
WaukeshasEquinox2024,"333bf,333mbf,444bf,555bf,minx,sq1"
WelcomeSpringLima2024,"333fm,clock,minx,skewb,sq1"
WelcometoBishkek2024,"222,333,333bf,333fm,333oh,444,555,666,777,clock,minx,pyram,skewb,sq1"
WelcometoChiangMai2024,"222,333,444,555,clock,pyram,skewb,sq1"
WestCoast4Goteborg2024,"222,333,333bf,333mbf,444,444bf,555,555bf,clock,minx,pyram,skewb,sq1"
WesternChampionship2024,"222,333,333bf,333mbf,333oh,444,444bf,555,555bf,666,777,clock,minx,pyram,skewb,sq1"
WesternFMCChampions2024,333fm
WestonsuperMareAutumn2024,"333,333bf,333oh,444,444bf,555,555bf,666,777,minx,sq1"
WestportSummer2024,"222,333,444,minx,skewb"
WestVisayasCubeMasters2024,"222,333,333bf,333oh,clock,minx,pyram,skewb"
WillimiehenKuutiopaivat2024,"222,333,333bf,333oh,444,555,666,777,clock,pyram,skewb,sq1"
WiltshireNovember2024,"222,333,333fm,333oh,444,clock,minx,skewb,sq1"
WiltshireSeptember2024,"222,333,333bf,555,666,777,clock,minx"
WinnipegOpen2024,"222,333,666,clock,pyram,sq1"
XeremOpen2024,"222,333,333oh,444,555,666,777,clock,minx,pyram,skewb"
XianOpen2024,"333,333bf,333oh,444,555,666,777,clock,minx,sq1"
XuzhouAutumn2024,"222,333,333bf,444,clock"
YPermsNeartheYBridgeZanesvil2024,"333,333bf,555,clock,pyram,sq1"
YumboUnivalle2024,"222,333,333oh,444,clock,pyram,skewb"
ZaragozaOpen2024,"222,333,333bf,333oh,444,777,clock,minx,pyram,skewb,sq1"
ZoioffBrasilia2024,"333bf,333mbf,444bf,555bf"
ZoryCubingMansion2024,"222,333,333oh,444,clock,minx,pyram,skewb,sq1"
ZvornikSummer2024,"222,333,333bf,333fm,333oh,444,555,666,777,clock,minx,pyram,skewb,sq1"
